"asset_name","card_title","source_owner","source_reference","commercial_rights_confirmed","territory","term","editing_allowed","cat_safety_reviewed","notes"
"cat_greeting_hello_01.m4a","Hello, Kitty","PENDING_USER_CONFIRMATION","PENDING_RAW_FILENAME","pending","worldwide","perpetual","pending","pending","Use only a calm, voluntarily produced cat sound; no copyrighted background audio."
"cat_greeting_morning_01.m4a","Good Morning, Cat","PENDING_USER_CONFIRMATION","PENDING_RAW_FILENAME","pending","worldwide","perpetual","pending","pending","Use only a calm, voluntarily produced cat sound; no copyrighted background audio."
"cat_greeting_nice_to_see_you_01.m4a","Nice to See You","PENDING_USER_CONFIRMATION","PENDING_RAW_FILENAME","pending","worldwide","perpetual","pending","pending","Use only a calm, voluntarily produced cat sound; no copyrighted background audio."
"cat_greeting_welcome_home_01.m4a","Welcome Home","PENDING_USER_CONFIRMATION","PENDING_RAW_FILENAME","pending","worldwide","perpetual","pending","pending","Use only a calm, voluntarily produced cat sound; no copyrighted background audio."
"cat_greeting_little_friend_01.m4a","Hey, Little Friend","PENDING_USER_CONFIRMATION","PENDING_RAW_FILENAME","pending","worldwide","perpetual","pending","pending","Use only a calm, voluntarily produced cat sound; no copyrighted background audio."
"cat_affection_good_baby_01.m4a","I'm Mom","USER_OWNED","IncomingAudio/good-baby-01.mp4","confirmed","worldwide","perpetual","confirmed","confirmed","Original video and cat sound supplied by the user; processed to AAC M4A at -16 LUFS. Playful label only; not a literal translation."
"cat_affection_good_baby_02.m4a","You're Mom","USER_OWNED","IncomingAudio/good-baby-02.mp4","confirmed","worldwide","perpetual","confirmed","confirmed","Original video and cat sound supplied by the user; processed to AAC M4A at -16 LUFS. Playful label only; not a literal translation."
"cat_affection_good_baby_03.m4a","I Love You, Cat","USER_OWNED","IncomingAudio/good-baby-03.mp4","confirmed","worldwide","perpetual","confirmed","confirmed","Original video and cat sound supplied by the user; processed to AAC M4A at -16 LUFS. Playful label only; not a literal translation."
"cat_affection_cuddle_01.m4a","Cuddle With Me","USER_OWNED","IncomingAudio/妈妈摸我.mp4","confirmed","worldwide","perpetual","confirmed","confirmed","Original user-owned source; trimmed to the natural vocalization after the leading silence, processed to AAC M4A at -16 LUFS."
"cat_attention_look_at_me_01.m4a","Look at Me","USER_OWNED","IncomingAudio/有事找你.m4a","confirmed","worldwide","perpetual","confirmed","confirmed","Original user-owned source processed to AAC M4A at -16 LUFS; Original video supplied by the user; no third-party audio reported."
"cat_attention_over_here_01.m4a","Hey, Over Here","USER_OWNED","IncomingAudio/你过来啊.m4a","confirmed","worldwide","perpetual","confirmed","confirmed","Original user-owned source processed to AAC M4A at -16 LUFS; Original video supplied by the user; no third-party audio reported."
"cat_attention_hear_me_01.m4a","Can You Hear Me?","USER_OWNED","IncomingAudio/不要在床上乱拉乱尿.m4a","confirmed","worldwide","perpetual","confirmed","confirmed","Original user-owned source processed to AAC M4A at -16 LUFS; wording suggests behavior correction, so review tone and safety before release."
"cat_attention_gentle_01.m4a","A Little Attention","USER_OWNED","IncomingAudio/我是妈妈，你过来.m4a","confirmed","worldwide","perpetual","confirmed","confirmed","Original user-owned source processed to AAC M4A at -16 LUFS; Original video supplied by the user; no third-party audio reported."
"cat_attention_one_more_meow_01.m4a","One More Meow","USER_OWNED","IncomingAudio/我是你的主人2.m4a","confirmed","worldwide","perpetual","confirmed","confirmed","Original user-owned source processed to AAC M4A at -16 LUFS; Original video supplied by the user; no third-party audio reported."
"cat_come_here_touch_01.m4a","Come Here","USER_OWNED","IncomingAudio/过来摸摸1.mp4","confirmed","worldwide","perpetual","confirmed","confirmed","Original video and cat sound supplied by the user; processed to AAC M4A at -16 LUFS. Gentle social sound only; no recall guarantee."
"cat_come_here_touch_02.m4a","Follow Me","USER_OWNED","IncomingAudio/过来摸摸2.mp4","confirmed","worldwide","perpetual","confirmed","confirmed","Original video and cat sound supplied by the user; processed to AAC M4A at -16 LUFS. Gentle social sound only; no recall guarantee."
"cat_come_here_touch_03.m4a","Join Me Here","USER_OWNED","IncomingAudio/过来摸摸3.mp4","confirmed","worldwide","perpetual","confirmed","confirmed","Original video and cat sound supplied by the user; processed to AAC M4A at -16 LUFS. Gentle social sound only; no recall guarantee."
"cat_come_here_this_way_01.m4a","This Way, Friend","USER_OWNED","IncomingAudio/到妈妈这来.m4a","confirmed","worldwide","perpetual","confirmed","confirmed","Original user-owned source processed to AAC M4A at -16 LUFS; Original video supplied by the user; no third-party audio reported."
"cat_come_here_sniff_this_01.m4a","Come Sniff This","USER_OWNED","IncomingAudio/快过来1.mp4","confirmed","worldwide","perpetual","confirmed","confirmed","Original user-owned source processed to AAC M4A at -16 LUFS; Original video supplied by the user; no third-party audio reported."
"cat_food_snack_time_01.m4a","Snack Time","USER_OWNED","IncomingAudio/我饿了.mp4","confirmed","worldwide","perpetual","confirmed","confirmed","Original user-owned source processed to AAC M4A at -16 LUFS; use only as playful food-time audio, not a hunger claim."
"cat_food_dinner_ready_01.m4a","Dinner Is Ready","USER_OWNED","IncomingAudio/听话就有饭吃.m4a","confirmed","worldwide","perpetual","confirmed","confirmed","Original user-owned source processed to AAC M4A at -16 LUFS; User confirmed the natural sound is safe for release; playful label only, not a literal translation."
"cat_food_treat_01.m4a","A Treat for You","PENDING_USER_CONFIRMATION","PENDING_RAW_FILENAME","pending","worldwide","perpetual","pending","pending","Playful label only; do not imply hunger or nutrition detection."
"cat_food_water_break_01.m4a","Water Break","PENDING_USER_CONFIRMATION","PENDING_RAW_FILENAME","pending","worldwide","perpetual","pending","pending","Playful label only; do not imply thirst detection."
"cat_food_little_bite_01.m4a","Just a Little Bite","PENDING_USER_CONFIRMATION","PENDING_RAW_FILENAME","pending","worldwide","perpetual","pending","pending","Playful label only; do not imply hunger or nutrition detection."
"cat_play_play_with_me_01.m4a","Play With Me","USER_OWNED","IncomingAudio/过来一起玩耍.mp4","confirmed","worldwide","perpetual","confirmed","confirmed","Original user-owned source processed to AAC M4A at -16 LUFS; Original video supplied by the user; no third-party audio reported."
"cat_play_chase_toy_01.m4a","Chase the Toy","PENDING_USER_CONFIRMATION","PENDING_RAW_FILENAME","pending","worldwide","perpetual","pending","pending","Bright but comfortable social sound; no forced or startled vocalization."
"cat_play_pounce_party_01.m4a","Pounce Party","PENDING_USER_CONFIRMATION","PENDING_RAW_FILENAME","pending","worldwide","perpetual","pending","pending","Bright but comfortable social sound; no forced or startled vocalization."
"cat_play_where_is_it_01.m4a","Where Did It Go?","PENDING_USER_CONFIRMATION","PENDING_RAW_FILENAME","pending","worldwide","perpetual","pending","pending","Bright but comfortable social sound; no forced or startled vocalization."
"cat_play_lets_bounce_01.m4a","Let's Bounce","PENDING_USER_CONFIRMATION","PENDING_RAW_FILENAME","pending","worldwide","perpetual","pending","pending","Bright but comfortable social sound; no forced or startled vocalization."
"cat_calm_cozy_time_01.m4a","Cozy Time","PENDING_USER_CONFIRMATION","PENDING_RAW_FILENAME","pending","worldwide","perpetual","pending","pending","Soft purr, trill, or relaxed meow; no breathing difficulty or pain sounds."
"cat_calm_settle_in_01.m4a","Settle In","PENDING_USER_CONFIRMATION","PENDING_RAW_FILENAME","pending","worldwide","perpetual","pending","pending","Soft purr, trill, or relaxed meow; no breathing difficulty or pain sounds."
"cat_calm_soft_purrs_01.m4a","Soft Purrs","PENDING_USER_CONFIRMATION","PENDING_RAW_FILENAME","pending","worldwide","perpetual","pending","pending","Soft purr, trill, or relaxed meow; no breathing difficulty or pain sounds."
"cat_calm_easy_does_it_01.m4a","Easy Does It","PENDING_USER_CONFIRMATION","PENDING_RAW_FILENAME","pending","worldwide","perpetual","pending","pending","Soft purr, trill, or relaxed meow; no breathing difficulty or pain sounds."
"cat_calm_rest_with_me_01.m4a","Rest With Me","PENDING_USER_CONFIRMATION","PENDING_RAW_FILENAME","pending","worldwide","perpetual","pending","pending","Soft purr, trill, or relaxed meow; no breathing difficulty or pain sounds."
"cat_curiosity_whats_that_01.m4a","What's That?","USER_OWNED","IncomingAudio/快过来2.mp4","confirmed","worldwide","perpetual","confirmed","confirmed","Original user-owned source processed to AAC M4A at -16 LUFS; Original video supplied by the user; no third-party audio reported."
"cat_curiosity_tell_me_more_01.m4a","Tell Me More","PENDING_USER_CONFIRMATION","PENDING_RAW_FILENAME","pending","worldwide","perpetual","pending","pending","Curious chirp or neutral meow; no alarm, fear, hiss, or growl."
"cat_curiosity_who_is_there_01.m4a","Who Is There?","PENDING_USER_CONFIRMATION","PENDING_RAW_FILENAME","pending","worldwide","perpetual","pending","pending","Curious chirp or neutral meow; no alarm, fear, hiss, or growl."
"cat_curiosity_explore_01.m4a","Let's Explore","PENDING_USER_CONFIRMATION","PENDING_RAW_FILENAME","pending","worldwide","perpetual","pending","pending","Curious chirp or neutral meow; no alarm, fear, hiss, or growl."
"cat_curiosity_what_think_01.m4a","What Do You Think?","PENDING_USER_CONFIRMATION","PENDING_RAW_FILENAME","pending","worldwide","perpetual","pending","pending","Curious chirp or neutral meow; no alarm, fear, hiss, or growl."
"cat_affection_so_cute_01.m4a","You Are So Cute","USER_OWNED","IncomingAudio/我是你的主人1.m4a","confirmed","worldwide","perpetual","confirmed","confirmed","Original user-owned source processed to AAC M4A at -16 LUFS; user confirmed the natural sound is safe for release."
